smiles,pred,pred_std,n_models,max_tan_to_sd1_actives
Cc1cccc2c1CC[C@H](CN1CCC(c3c(Cl)cccc3Cl)CC1)C[C@@H]2O,0.7438372731208801,0.1373414210224348,10,0.208955223880597
Clc1ccccc1CNC[C@H]1CC[C@H](CNCc2ccccc2Cl)CC1,0.734945398569107,0.126417899775122,10,0.27450980392156865
c1cc[n+]2c(c1)[S][Zn]1([O]2)[O][n+]2ccccc2[S]1,0.48990418612957,0.2235760916616599,10,0.21621621621621623
CCCC[C@@H](CC)CNC(=N)N=C(N)NCCCCCCNC(N)=NC(=N)NC[C@@H](CC)CCCC,0.5430658340454102,0.21258540852555768,10,0.2692307692307692
CN[C@H]1CN(c2ccc3c(=O)c(C(=O)O)cn(-c4nccs4)c3n2)C[C@@H]1OC,0.5519504681229591,0.1570478251869088,10,0.28
C[C@H](Oc1cc(-c2cnn(C3CCNCC3)c2)cnc1N)c1c(Cl)ccc(F)c1Cl,0.3662612661719322,0.2114160767043101,10,0.17894736842105263
S=C(N/N=C1\CCCc2cccnc21)N1CCN(c2ccccn2)CC1,0.5006929352879524,0.19874473046297036,10,0.24615384615384617
CN1CCN(c2ccc3nc(-c4c(N)c5c(F)cccc5[nH]c4=O)[nH]c3c2)CC1,0.37543161064386366,0.18671104822206375,10,0.25609756097560976
CCCCCCCCN=c1ccn(CCCCCCCCCCn2ccc(=NCCCCCCCC)cc2)cc1,0.4620236411690712,0.18272286563030432,10,0.2558139534883721
C[C@@H](Oc1cc(-c2cnn(C3CCNCC3)c2)cnc1N)c1c(Cl)ccc(F)c1Cl,0.36607427299022677,0.2114411156537705,10,0.17894736842105263
O=C(O)c1cc(F)c2nc(N3[C@@H]4CC[C@H]3C[C@@H](OCc3c(-c5ccccc5OC(F)(F)F)noc3C3CC3)C4)sc2c1,0.5530856907367706,0.19027064280167802,10,0.1896551724137931
C/C(=N\NC(=S)NNC(=S)Nc1ccccc1Cl)c1ccccn1,0.2597135318443179,0.1842764827749633,10,0.22950819672131148
CC(=NNC(=S)NNC(=S)Nc1ccccc1Cl)c1ccccn1,0.2600421629846096,0.1844538036642765,10,0.22950819672131148
O=C(CBr)N1CC([N+](=O)[O-])([N+](=O)[O-])C1,0.2388156671077013,0.1150754851676071,10,0.23529411764705882
COc1cc(N2CCC(N3CCN(C)CC3)CC2)ccc1Nc1ncc(Cl)c(Nc2ccccc2P(C)(C)=O)n1,0.4546255722641945,0.17182046487172914,10,0.2127659574468085
S=C=Nc1cccc(C2(N3CCCCC3)CCCCC2)c1,0.5170961487805471,0.40055632334408087,10,0.19607843137254902
C[C@H](NC[C@H](O)CP(=O)(O)CC1CCCCC1)c1ccc(Cl)c(Cl)c1,0.4255381733179092,0.125027414710922,10,0.2413793103448276
CCCCCCCCCCCCCCCCCCN(CCCCCCCCCCCCCCCCCC)CCCN(CCO)CCO,0.5428255558013916,0.20809081541851282,10,0.2857142857142857
CC(=O)OCC1=C2C(=O)[O][Zn][O]C(=O)[C@@H](N)CCCC(=O)N[C@@H]3C(=O)N2[C@@H]3SC1,0.45892246067523956,0.2127989642392272,10,0.29292929292929293
Cc1ccc(NC(=O)C2(c3ccc4c(c3)OC(F)(F)O4)CC2)nc1-c1cccc(C(=O)O)c1,0.5766354829072953,0.18705290947709427,10,0.19230769230769232
COc1cc2c(cc1Cc1cccc(Cl)c1F)c(=O)c(C(=O)O)cn2[C@H](CO)C(C)C,0.5050454050302505,0.1209801169738023,10,0.2926829268292683
COc1cccc([C@H](O)C2CCN(CCc3ccc(F)cc3)CC2)c1OC,0.46024455428123473,0.15065861846704307,10,0.28
CCCN(C/C=C/I)[C@H]1CCc2cccc(O)c2C1,0.45303859412670133,0.13947809838487502,10,0.21311475409836064
COc1cc(N2CCC(N3CCN(C)CC3)CC2)ccc1Nc1ncc(Cl)c(Nc2ccccc2S(=O)(=O)C(C)C)n1,0.2024266965687275,0.13431683223761662,10,0.21875
CN(C(=S)NN=C(c1ccccn1)c1ccccn1)C1CCCCC1,0.5420535922050476,0.13363832789006327,10,0.21052631578947367
BrC1C(Br)C(Br)C(Br)C(Br)C1Br,0.3765686847269535,0.1549610100036527,10,0.06060606060606061
COc1cc2c(Nc3ccc(Cl)c(Cl)c3F)ncnc2cc1OC[C@@H]1C[C@@H]2CN(C)C[C@@H]2C1,0.40495896637439727,0.16312340731187155,10,0.1978021978021978
CCC(=O)N(c1ccccc1)C1CCN(CCc2ccc(N=C=S)cc2)CC1,0.4601872646948323,0.40408699399126596,10,0.25
O=C(Nc1cnccc1Cl)N1CCN(Cc2ccc3c(c2)OC(F)(F)O3)CC1,0.3252037614583969,0.1332898234188234,10,0.26262626262626265
N[C@@H]1c2cccnc2[C@H](OC(=O)N2CCC(n3c(=O)[nH]c4ncccc43)CC2)CC[C@H]1c1cccc(F)c1F,0.5133939504623413,0.16853293801147307,10,0.2608695652173913
S=C=Nc1cccc(NC(=S)NCCCCNC(=S)Nc2cccc(N=C=S)c2)c1,0.42215342915151266,0.393856023660556,10,0.28846153846153844
COc1ccc(-c2ccc3ncc4c(c3c2)n(-c2ccc(N3CCNCC3)c(C(F)(F)F)c2)c(=O)n4C)cn1,0.3075522229075432,0.12319184912809372,10,0.26373626373626374
CCCN(C/C=C/I)[C@H]1CCc2ccc(O)cc2C1,0.43363381922245026,0.13625906140614577,10,0.23214285714285715
COc1nc(N)nc2c1ncn2[C@@H]1O[C@H](CO[P@@](=O)(N[C@@H](C)C(=O)OCC(C)(C)C)Oc2cccc3ccccc23)[C@@H](O)[C@@]1(C)O,0.5426220387220383,0.1238498463835617,10,0.23770491803278687
CC(C)[C@@H](CC[C@@H](C)[C@H]1CC[C@H]2[C@@H]3[C@H](O)C[C@H]4C[C@@H](NCCCNCCCCNCCCN)CC[C@]4(C)[C@H]3CC[C@]12C)OS(=O)(=O)O,0.31946852803230286,0.16265380168090593,10,0.17142857142857143
NC(=O)[C@H]1CCN(c2ncnc(N)c2F)C[C@@H]1N1CCC[C@@H](Nc2cc(Cl)cc(C(F)(F)F)c2)C1=O,0.22014800906181337,0.1712710818175413,10,0.19801980198019803
O=C1CC(=O)c2c(Cl)c(Cl)c(Cl)c(Cl)c21,0.4066834256052971,0.16100259323366264,10,0.25
CCCCCCCCCCCCCCC[C@@H](O)[C@@H](N)CO,0.2951749816536903,0.12038658578674226,10,0.25806451612903225
O=c1[nH]c2cc(C(F)(F)F)c(N3CCOCC3)cc2n(CP(=O)(O)O)c1=O,0.3420440286397934,0.20662797313879386,10,0.2857142857142857
COc1cc2ncnc(Nc3cccc(Cl)c3F)c2cc1OC(=O)N1CCN(C)C[C@H]1C,0.26702182441949845,0.09570991372213085,10,0.2336448598130841
CO/C1=C\C(C)=C/[C@@H](C)[C@@H](O)[C@@H](C)C/C(C)=C/C=C/[C@H](OC)[C@@H]([C@@H](C)[C@@H](O)[C@H](C)[C@@]2(O)C[C@@H](O)[C@H](C)[C@@H](C(C)C)O2)OC1=O,0.2524621345102787,0.10927345720625259,10,0.21739130434782608
CCCCN(CCCC)CC[C@@H](O)c1cc2c(Cl)cc(Cl)cc2c2cc(C(F)(F)F)ccc12,0.4044612854719162,0.09160956030702691,10,0.22972972972972974
Clc1ccc(N/N=C(\c2ccccc2)c2ccccn2)nc1,0.21208820268511772,0.1361370608762549,10,0.22807017543859648
CCCCC[C@@H](O)c1cccc(OCc2ccc3ccccc3n2)c1,0.3506530195474625,0.11762626629750833,10,0.24615384615384617
O=c1nc(N2CCN(CC3CCCCC3)CC2)sc2c([N+](=O)[O-])cc(C(F)(F)F)cc12,0.21546817384660244,0.23023442202278654,10,0.20689655172413793
Nc1nc2cc(CC[C@H]3C[C@@H](n4ccc5c(N)ncnc54)[C@H](O)[C@@H]3O)ccc2cc1Br,0.38895929157733916,0.1676708387889174,10,0.2345679012345679
CC(C)[C@@H](CC[C@@H](C)[C@H]1CC[C@H]2[C@@H]3[C@H](O)C[C@H]4C[C@@H](NCCCNCCCCN)CC[C@]4(C)[C@H]3CC[C@]12C)OS(=O)(=O)O,0.3011485621333122,0.1659046941726336,10,0.17142857142857143
O=C(O)c1ccnc(N2CC(O)(c3ccc(OCc4c(-c5c(Cl)cccc5Cl)noc4C4CC4)cc3Cl)C2)c1,0.3498817212879658,0.18968527635856697,10,0.23423423423423423
O=C(c1ccc(F)c(F)c1Nc1ccc(I)cc1F)N1CC(O)([C@@H]2CCCCN2)C1,0.33818563967943194,0.11734672124874715,10,0.20408163265306123
O[C@@H](CN1CCN(c2cccc(Cl)c2)CC1)C(c1ccccc1)c1ccccc1,0.40730597227811816,0.18746891334900775,10,0.2714285714285714
O=c1[nH]c2ccc(Cl)cc2c(N[C@@H]2CN3CCC2CC3)c1-c1nc2ccccc2[nH]1,0.31742212548851967,0.17404843673837878,10,0.24096385542168675
C[C@@H](OC[C@@]1(c2ccccc2)CC[C@]2(CCC(=O)N2)CN1)c1cc(C(F)(F)F)cc(C(F)(F)F)c1,0.43766549676656724,0.13247713231883917,10,0.2608695652173913
CC(=O)N[C@H](CCCNC(=N)N)C(=O)N[C@H](CCCNC(=N)N)C(=O)N[C@H](CCCNC(=N)N)C(=O)N[C@H](CCCNC(=N)N)C(=O)N[C@H](CCCNC(=N)N)C(=O)N[C@H](CCCNC(=N)N)C(=O)N[C@H](CCCNC(=N)N)C(=O)N[C@H](CCCNC(=N)N)C(=O)N[C@H](CCCNC(=N)N)C(N)=O,0.28670602589845656,0.22632086345155047,10,0.18181818181818182
CN1CCN(c2ccc(OC(F)(F)F)c(Nc3ncc4c(n3)-c3c(c(C(N)=O)nn3CCO)CC4)c2)CC1,0.3611541986465454,0.1282736708786022,10,0.19801980198019803
O=C(Nc1nc(-c2cc(Cl)cs2)c(N2CCN(C3CCCCC3)CC2)s1)c1cnc(N2CCC(C(=O)O)CC2)c(Cl)c1,0.29013163447380064,0.1970381379616489,10,0.17307692307692307
O=C1C=Cc2cc(Br)ccc2C1=O,0.2658012375235558,0.12050798649233979,10,0.21621621621621623
Oc1cc2c(cc1O)CN(C(=S)NCCc1ccc(Cl)cc1)CCC2,0.4460184007883072,0.11669827587045162,10,0.23333333333333334
O/N=C/c1ccc(-c2ccc(O)c(F)c2)c(Cl)c1O,0.23395265713334085,0.11995204795035203,10,0.21739130434782608
O[C@@H](CN1CCC(Cc2ccc(F)cc2)CC1)c1ccc(Cl)cc1,0.3480193853378296,0.15030025386554471,10,0.296875
CCOc1ccc(C[C@H]2NC(=O)CCSSC[C@@H](C(=O)N3CCC[C@H]3C(=O)N[C@@H](CCCN)C(=O)NCC(N)=O)NC(=O)[C@H](CC(N)=O)NC(=O)[C@H]([C@@H](C)O)NC(=O)[C@H]([C@@H](C)CC)NC2=O)cc1,0.25219427347183226,0.11321123900293167,10,0.29285714285714287
O=C1Nc2ccc(Cl)c3c2[C@@]1(CCCCN1CC=C(c2ccc(Cl)cc2)CC1)CCC3,0.37996932715177534,0.10446571854236157,10,0.26744186046511625
Cc1cc(Nc2ccc(F)c(C[C@@]3(C(=O)O)CCN(Cc4cccc(Cl)c4F)[C@H](C)C3)n2)n[nH]1,0.21276334151625634,0.16628632500968826,10,0.21238938053097345
O=C(O)c1cc(=O)c2c3nc4ccccc4oc-3cc(=O)c2[nH]1,0.4757403194904327,0.2066744004894524,10,0.23333333333333334
CC[C@H](C)[C@H](NC(=O)[C@H](CCC(=O)O)NC(=O)[C@H](CO)NC(=O)[C@H](CO)NC(=O)[C@@H](NC(=O)[C@H](CC(=O)O)NC(=O)[C@@H](NC(=O)[C@H](C)NC(=O)[C@H](C)NC(=O)[C@H](CC(=O)O)NC(=O)[C@H](CO)NC(C)=O)C(C)C)[C@@H](C)O)C(=O)N[C@H](C(=O)N[C@H](C(=O)N[C@@H](CCCCN)C(=O)N[C@@H](CC(=O)O)C(=O)N[C@@H](CC(C)C)C(=O)N[C@@H](CCCCN)C(=O)N[C@@H](CCC(=O)O)C(=O)N[C@@H](CCCCN)C(=O)N[C@@H](CCCCN)C(=O)N[C@@H](CCC(=O)O)C(=O)N[C@H](C(=O)N[C@H](C(=O)N[C@@H](CCC(=O)O)C(=O)N[C@@H](CCC(=O)O)C(=O)N[C@@H](C)C(=O)N[C@@H](CCC(=O)O)C(=O)N[C@@H](CC(N)=O)C(=O)O)C(C)C)C(C)C)[C@@H](C)O)[C@@H](C)O,0.22598247677087785,0.117597204199651,10,0.256198347107438
CNCCCC1c2ccccc2C=Cc2ccccc21,0.27099253088235853,0.11224660240181725,10,0.24
OC1=c2ccccc2=C(NC2CCCCC2)/C1=C\c1ccccc1,0.3855760648846626,0.16181214946796213,10,0.2708333333333333
CCCCCCCOc1ccc(CCC(N)(CO)CO)cc1C(F)(F)F,0.3343509554862976,0.13260051235145512,10,0.2786885245901639
CN1CCc2cc(Cl)c(O)cc2[C@@H](c2ccccc2)C1,0.477882382273674,0.15203959107102766,10,0.26666666666666666
c1cc(CN2CCCCC2)cc(OCCCNc2nc3ccccc3s2)c1,0.3210968941450119,0.13227432430741515,10,0.2898550724637681
O=C(NCC12CC3CC(CC(C3)C1)C2)c1cc(CCCNCCCO)ccc1Cl,0.4002223417162895,0.14322043080883953,10,0.2441860465116279
CCCCCCCCCCCCCC[C@@H](O)[C@@H](O)[C@@H](N)CO,0.2260538876056671,0.08610668809818603,10,0.24242424242424243
COc1ccccc1N1CCN(CCN(C(=O)C2CCCCC2)c2ccccn2)CC1,0.28199311420321466,0.14058066306874,10,0.25287356321839083
Cc1ccnc2c1CCC[C@H]2C(N)=S,0.2502679944038391,0.1261879553329138,10,0.19607843137254902
CCNCCc1ccc(CN(CC)c2cc(OC)ccc2[C@@H]2CCc3cc(O)ccc3C2)cc1,0.3224526882171631,0.121836220873728,10,0.22018348623853212
Cc1ccc(NC(=O)C(C)C)cc1C1CCN(Cc2ccc(Oc3ccc(F)c(F)c3)cc2)CC1,0.3091084107756615,0.10397881296322149,10,0.2647058823529412
CC(C)C[C@@H](N)C1(c2ccc(Cl)cc2)CCC1,0.352032208442688,0.12329224069125985,10,0.2727272727272727
CC(C)Oc1cccc(CC(=O)N2CCC[C@](CC[N+]34CCC(c5ccccc5)(CC3)CC4)(c3ccc(Cl)c(Cl)c3)C2)c1,0.31494423002004623,0.16557935172297755,10,0.1926605504587156
C=CC(=O)N1CCC(Oc2cc3c(Nc4ccc(Cl)c(Cl)c4F)ncnc3cc2OC)CC1,0.250606294721365,0.12378933550413047,10,0.20987654320987653
CC(C)C[C@H]1C(=O)N2CCC[C@H]2[C@]2(O)O[C@](NC(=O)[C@@H]3C=C4c5cccc6[nH]c(Br)c(c56)C[C@H]4N(C)C3)(C(C)C)C(=O)N12,0.2064209446310997,0.08627912471909402,10,0.19230769230769232
Cc1ccccc1-c1cc(N2CCN(C)CC2)ncc1N(C)C(=O)C(C)(C)c1cc(C(F)(F)F)cc(C(F)(F)F)c1,0.28479487001895903,0.11655907548269358,10,0.24691358024691357
COc1cc(N2CCC(N)CC2)ccc1Nc1ncc(Cl)c(-c2c[nH]c3ccccc23)n1,0.25883112028241156,0.1664145783888032,10,0.22549019607843138
O=C(O)[C@]1(Cc2cccc(Nc3nccs3)n2)CC[C@@H](Oc2cccc(Cl)c2F)CC1,0.3350959405303001,0.1677507834395752,10,0.20253164556962025
O=C(NC1(c2ccccc2)CC1)c1c(CN2CCC(N3CCCCC3)CC2)c(-c2cccc(C(F)(F)F)c2)nc2cc(Br)ccc12,0.236985220015049,0.11610101107836271,10,0.29591836734693877
COc1ccc(C(C)(C)C)cc1CN[C@H]1C2CCN(CC2)[C@H]1C(c1ccccc1)c1ccccc1,0.4077840521931648,0.15474918928402512,10,0.28
COc1cccc(-n2nc(C(=O)O)cc2-c2ccc(C3CCCCC3)c(Cl)c2)c1,0.31975884065032006,0.1619751151279612,10,0.24742268041237114
O[C@@H](CN1CCNCC1)Cn1c2ccc(Br)cc2c2cc(Br)ccc21,0.3715169683098793,0.14421772292109528,10,0.25862068965517243
CCn1c(=O)n(C2=C(CO)CN(CC3CCCCCCC3)CC2)c2ccccc21,0.3607503652572632,0.11784818270034646,10,0.24324324324324326
OC(c1ccccc1)(c1ccccc1)C12CC[N+](CCOCc3ccccc3)(CC1)CC2,0.34579106122255326,0.19058371722625903,10,0.24489795918367346
CCCC[P+](CCCC)(CCCC)Cc1ccc(NC(=O)[C@H](Cc2ccc3ccccc3c2)N/C(=N/C2CCCCC2)NC2CCCCC2)cc1,0.24743333235383033,0.12223475347582788,10,0.24770642201834864
O=C1Nc2ccc(I)cc2C1=Cc1cc(Br)c(O)c(Br)c1,0.22572375535964967,0.07942398151045968,10,0.20754716981132076
C[C@H](c1ccc2ccc(O[C@H]3CC[C@@H](C(F)(F)F)CC3)c(C(F)(F)F)c2c1)N1[C@@H]2CC[C@H]1C[C@@H](C(=O)O)C2,0.3280564546585083,0.08385697306269449,10,0.21649484536082475
Cc1c(F)cccc1NC(=O)Nc1ccc(Cl)c(S(=O)(=O)[C@H]2CCCNC2)c1O,0.20843701511621476,0.13281451482906695,10,0.21333333333333335
COc1cc(F)c(F)c(Nc2ccc(I)cc2F)c1NS(=O)(=O)C1(C[C@H](O)CO)CC1,0.28145239427685736,0.12107994383217328,10,0.1941747572815534
O=C(O)c1cc(=O)c2c(Cl)cc(Cl)cc2[nH]1,0.3402923509478569,0.16257660230138726,10,0.27906976744186046
CCN(CC)CCC[C@@H](C)Nc1c2ccc(Cl)cc2nc2ccc(OC)cc12,0.2758411854505539,0.09854569657416612,10,0.28205128205128205
O=C(O)c1c(Cl)c(Cl)c(Cl)c(Cl)c1-c1c2cc(I)c(=O)c(I)c-2oc2c(I)c(O)c(I)cc12,0.34606715589761733,0.18034371829461543,10,0.21875
O=C(N[C@@H]1CC[C@@H](c2cccc(F)c2F)CN(CC(F)(F)F)C1=O)N1CCC(n2c(=O)[nH]c3ncccc32)CC1,0.2241362750530243,0.1334286423322439,10,0.27956989247311825
CCCN(CCC)CCc1ccc(OC)c(OCCc2ccccc2)c1,0.2743542566895485,0.13125606808884357,10,0.2982456140350877
COc1cc2c(Nc3ccc(Br)cc3F)ncnc2cc1OCC1CCN(C)CC1,0.2850201793015003,0.12834733438842844,10,0.25287356321839083
CN1CC[C@@H](c2c(O)cc(O)c3c(=O)cc(-c4ccc(C(F)(F)F)cc4Cl)oc23)[C@@H]1CO,0.37218433767557146,0.09448842914160105,10,0.2159090909090909
C=C1/C(=C\C=C2/CCC[C@]3(C)[C@@H]([C@H](C)CCCC(C)(C)O)CC[C@@H]23)C[C@@H](O)[C@@H](OCCCO)[C@@H]1O,0.27281898744404315,0.1613716046721536,10,0.22340425531914893
CC1(N2CCC(n3c([C@@H]4CCCNC4)nc4ccccc43)CC2)CCCCCCC1,0.5718797504901886,0.16655837808064813,10,0.25
CCCCN1CCC(CCC(=O)c2cc(Cl)c(N)cc2OC)CC1,0.20891619101166725,0.1064749051980245,10,0.2727272727272727
NC(=O)N1CCC(CC(=O)N2CCC([C@H]3c4ncc(Br)cc4CCc4cc(Cl)cc(Br)c43)CC2)CC1,0.20368076637387275,0.13900039791359597,10,0.20408163265306123
Nc1ncnc2c1ncn2[C@H]1O[C@@H](C(=O)N2CCN(CC(=O)Nc3cccc4c3CNC4=O)CC2)[C@H](O)[C@@H]1O,0.26649012193083765,0.11941082319334685,10,0.2702702702702703
Fc1ccc(-n2cc(CCCCN3CCC4(CC3)OCc3ccccc34)c3ccccc32)cc1,0.2805387116968632,0.13650498808116804,10,0.2564102564102564
CCCC(=O)C1(c2ccccc2)CCN(C(=O)[C@@H](Cc2ccc(OC)cc2)NC(=O)[C@@H](N)Cc2cncn2C)CC1,0.3129712358117104,0.09110173679887648,10,0.2636363636363636
C=C1/C(=C\C=C2/CCC[C@]3(C)[C@@H]([C@H](C)/C=C/[C@H](C)C(C)(C)O)CC[C@@H]23)C[C@@H](O)C[C@@H]1O,0.27693118527531624,0.14658823858352338,10,0.22093023255813954
CCCCN(CCCC)C[C@@H](O)c1cc(Cl)cc2c1-c1ccc(Cl)cc1/C2=C/c1ccc(Cl)cc1,0.34978624880313874,0.1453929349771992,10,0.22388059701492538
OC[C@H]1O[C@@H](c2ccc(Cl)c(Cc3ccc(OCCOC4CC4)cc3)c2)[C@H](O)[C@@H](O)[C@@H]1O,0.3290457248687744,0.13219697712325873,10,0.23076923076923078
O=C(O)[C@H]1C2CCC(CC2)[C@@H]1Nc1nc(-c2c[nH]c3ncc(F)cc23)ncc1F,0.30636214911937715,0.16410219706905763,10,0.2
COc1cccc(/C=N/N(C(=O)C(F)(F)F)c2ccc(C)cc2C)c1,0.26034687608480456,0.08170337846358082,10,0.2413793103448276
COc1cc(C(=O)N2CCC3(CC2)CC(=O)c2cc(-c4cncc(C(=O)O)c4)ccc2O3)cc2c1c(C)cn2C1CC1,0.36676318049430845,0.1553332980592183,10,0.21782178217821782
CC[C@H](C)C[C@H](C)CCCCCCCCC(=O)N[C@H]1C[C@@H](O)[C@@H](NCCN)NC(=O)[C@@H]2[C@@H](O)CCN2C(=O)[C@H]([C@H](O)CCN)NC(=O)[C@H]([C@H](O)[C@@H](O)c2ccc(O)cc2)NC(=O)[C@@H]2C[C@@H](O)CN2C(=O)[C@H]([C@@H](C)O)NC1=O,0.20025448948144914,0.11373570807809545,10,0.2925170068027211
C=C1CC[C@H](O)C/C1=C/C=C1\CCC[C@]2(C)[C@@H]([C@H](C)CCCC(C)(C)O)CC[C@@H]12,0.2940647918730974,0.15771126117766632,10,0.25
O=C1Nc2ccccc2C2(CCN(CCc3ccc(C(F)(F)F)cc3)CC2)O1,0.2432907849550247,0.08531443156712186,10,0.2777777777777778
CC(=O)N[C@H]1CSSC[C@@H](C(N)=O)NC(=O)[C@H](C(C)C)NC(=O)[C@H](C)NC(=O)[C@H](Cc2cnc[nH]2)NC1=O,0.24471405409276487,0.11228471920517563,10,0.22123893805309736
O=C1[C@H](CC[C@H](O)c2ccc(F)cc2)[C@@H](c2ccc(O)cc2)N1c1ccc(F)cc1,0.3734235972166061,0.15839287233767266,10,0.22666666666666666
CCc1nc2ccc(Cl)cn2c1C(=O)NCc1ccc(N2CCC(c3ccc(OC(F)(F)F)cc3)CC2)cc1,0.3255709111690521,0.0922976576782489,10,0.25925925925925924
Cc1ccc(C(=O)Nc2ccc(CN3CCN(C)CC3)c(C(F)(F)F)c2)cc1C#Cc1cnc2n[nH]cc2c1,0.21093886494636535,0.11592724026372804,10,0.21904761904761905
COc1cc(Br)c(C[N+]2(CCOCC[C@H]3CC[C@@H]4C[C@H]3C4(C)C)CCOCC2)cc1OC,0.45057481676340105,0.216531200208162,10,0.18095238095238095
C[C@]1(COc2ccc(N3CCC(Oc4ccc(OC(F)(F)F)cc4)CC3)cc2)Cn2cc([N+](=O)[O-])nc2O1,0.25987249817699193,0.16325991032227086,10,0.22115384615384615
COc1ccc2c(C(=S)N(C)CC(=O)O)cccc2c1C(F)(F)F,0.3520920492708683,0.18360510444502143,10,0.22950819672131148
CCCCCCCCCCCCCC(=O)O.CCCCCCCCCCCCCC(=O)O.N[C@H]1CCCC[C@@H]1N.[Pt+2],0.27772744596004484,0.12089996716600242,10,0.2653061224489796
O=C1Nc2ccc(Cl)cc2[C@@](C#CC2CC2)(C(F)(F)F)O1,0.23375172168016434,0.11598206840184871,10,0.23728813559322035
Oc1cc(CNC(=S)/C=C/c2cc(O)c(O)c(Br)c2)cc(O)c1O,0.26957141160964965,0.11343899971857474,10,0.21568627450980393
CCc1c(Cl)c(O)c(Cl)c(O)c1C(=O)O[C@H]1[C@H](O)[C@H](OC)[C@H](OC/C2=C\C=C\C[C@H](O)/C(C)=C/[C@H](CC)[C@@H](O[C@@H]3OC(C)(C)[C@@H](OC(=O)C(C)C)[C@H](O)[C@@H]3O)/C(C)=C/C(C)=C/C[C@@H]([C@@H](C)O)OC2=O)O[C@@H]1C,0.23039513900876046,0.10656333300862825,10,0.24375
Cc1cc([C@@H](C)Nc2ccccc2C(=O)O)c2nc(N3CCOCC3)cc(=O)n2c1,0.4322712793946266,0.18563195074084685,10,0.2535211267605634
Clc1ccc(C2(c3ccc(-c4cn[nH]c4)cc3)CCNCC2)cc1,0.2185183349996805,0.15499463377127673,10,0.22641509433962265
CCCCCCCCCCCCCCCCCC(=O)NCCCCOn1c(CCCC)nc2c(N)nc3ccccc3c21,0.2029879555106163,0.08980483502560495,10,0.25
CCCCc1nc(-c2ccc(OCCCN(CC)CC)cc2)cn1-c1ccc(Oc2ccc(Cl)cc2)cc1,0.32455543130636216,0.16737031099605734,10,0.24691358024691357
CN1CCN(c2ccc(-c3cccc(CN4CCOCC4)c3)cc2NC(=O)c2c[nH]c(=O)cc2C(F)(F)F)CC1,0.2593687310814857,0.1184969951763963,10,0.2553191489361702
C[C@H](/C=C/[C@H](C)C(C)(C)O)[C@H]1CC[C@H]2/C(=C/C=C3C[C@@H](O)C[C@H](O)C3)CCC[C@]12C,0.26830117776989937,0.14134263208473455,10,0.2222222222222222
CC(C)(C)[C@]1(O)CCN2C[C@H]3c4ccccc4CCc4cccc(c43)[C@@H]2C1,0.3227777242660522,0.15719208031168233,10,0.2077922077922078
Nc1nccc(-c2c(-c3ccc(F)cc3)ncn2C2CCCCC2)n1,0.27435111105442045,0.10353585279058086,10,0.2608695652173913
CN(C)CCN(C)CCc1ccc(Cl)c(Cl)c1,0.20079403258860112,0.13128245986246476,10,0.25
COc1cc(NC(=O)CCN2CCC(OC(=O)Nc3ccccc3-c3ccccc3)CC2)c(Cl)cc1CNC[C@H](O)c1ccc(O)c2nc(O)ccc12,0.3071663394570351,0.11268114300306988,10,0.22962962962962963
Nc1nc(NC2CC2)cc(-c2cccc(Cl)c2Cl)n1,0.2231580801308155,0.1164206311277738,10,0.21428571428571427
COc1cc2c(Oc3ccc4[nH]c(C)cc4c3F)ccnc2cc1OCC1(N)CC1,0.2864201858639717,0.13458462248911035,10,0.2361111111111111
C[C@@H](Oc1cc(-n2cnc3ccc(CN4CCN(C)CC4)cc32)sc1C(N)=O)c1ccccc1C(F)(F)F,0.21453632973134518,0.10892968436838094,10,0.24731182795698925
O=C1CCc2c(Oc3ccc4c(c3)[C@@H]3[C@H](O4)[C@H]3c3nc4ccc(C(F)(F)F)cc4[nH]3)ccnc2N1,0.20760839134454728,0.15691744531693513,10,0.19642857142857142
CC(C)c1cnn2c(NCc3ccccc3)cc(NCCCCCCN)nc12,0.22564970031380654,0.07779800551528566,10,0.21794871794871795
Oc1cc2c(c(Cl)c1O)CCNCC2c1ccccc1,0.38680866956710813,0.13003279927807979,10,0.2222222222222222
CC[N+](CC)(CCNC(=O)C(=O)NCC[N+](CC)(CC)Cc1ccccc1Cl)Cc1ccccc1Cl,0.3886700067669153,0.14620071521613268,10,0.23684210526315788
CC(C)[C@@H](NC(=O)[C@@H](NC(=O)[C@@H](CCC(=O)O)NC(=O)[C@H](CCCNC(=N)N)NC(=O)[C@@H](CCCNC(=N)N)NC(=O)[C@@H](CCCCN)NC(=O)[C@@H](CCCCN)NC(=O)[C@@H](CCC(=O)O)NC(=O)[C@H](N)[C@@H](C)O)[C@@H](C)O)C(=O)N[C@H](CCC(=O)O)C(=O)N[C@@H](CCCNC(=N)N)C(=O)N[C@@H](CCC(=O)O)C(=O)N[C@@H](CCCCN)C(=O)N[C@@H](CCC(=O)O)C(=O)O,0.27299266029149294,0.1979717346944968,10,0.26495726495726496
O=C(O)CCCCCCCCCCCCCCc1ccc(I)cc1,0.2388019286096096,0.1121015207834784,10,0.24390243902439024
Clc1ccc(N2CCN(Cc3c[nH]c4ncccc34)CC2)cc1,0.20416469871997833,0.19800685979031338,10,0.2698412698412698
Cc1ccc(Sc2ccccc2N2CCNCC2)c(C)c1,0.22226294204592706,0.10705524154168392,10,0.26666666666666666
C=C1/C(=C\C=C2/CCC[C@]3(C)[C@@H]([C@H](C)CCCC(O)(C(F)(F)F)C(F)(F)F)CC[C@@H]23)C[C@@H](O)C[C@@H]1O,0.4255059503018856,0.2010385499874675,10,0.25287356321839083
NCC[C@@H](O)c1cccc(OCC2CCCCC2)c1,0.25783697962760926,0.11826093951947242,10,0.22950819672131148
CC(C)NC(=O)[C@H]1CC[C@@H](n2c(NC(=O)c3ccc(F)cc3)nc3ccc(CN4CCC(C(C)(C)O)CC4)cc32)CC1,0.29239451587200166,0.06773447368179729,10,0.2830188679245283
CC(C)COc1ccc(CNC(=O)N(Cc2ccc(F)cc2)C2CCN(C)CC2)cc1,0.23388559520244598,0.11123650111091131,10,0.2872340425531915
CC(C)[C@@H]1CC[C@@H](C)C[C@@H]1P(=O)(c1ccccc1)c1ccccc1,0.30565343238413334,0.1789590163784898,10,0.20833333333333334
C=C1/C(=C\C=C2/CCC[C@]3(C)[C@@H]([C@H](C)CCCC(C)(C)O)CC[C@@H]23)C[C@@H](O)C[C@@H]1O,0.2411656364798546,0.12341841037393583,10,0.2619047619047619
FC(F)(F)c1cc(CO[C@H]2CCCN[C@H]2c2ccccc2)cc(C(F)(F)F)c1,0.3069453425705433,0.12253180238804674,10,0.25316455696202533
C=CC(=O)N1CCC(CNc2ncnc(N)c2-c2ccc(Oc3ccccc3)cc2)CC1,0.21638380885124206,0.12001220734821894,10,0.23958333333333334
N=C(N)NCCC[C@H](NC(=O)[C@@H]1CCCN1C(=O)[C@@H]1CSSC[C@H](N)C(=O)N[C@@H](Cc2ccc(O)cc2)C(=O)N[C@@H](Cc2ccccc2)C(=O)N[C@@H](CCC(N)=O)C(=O)N[C@@H](CC(N)=O)C(=O)N1)C(=O)NCC(N)=O,0.26646825186908246,0.19675988814415302,10,0.2585034013605442
COc1cc(C)[nH]c(=O)c1CNC(=O)c1c(C)n([C@H](C)C2CCN(CC(F)(F)F)CC2)c2ccccc12,0.26938792541623113,0.1579355491793615,10,0.24468085106382978
[Cl][Ti]([Cl])([CH]1C=CC=C1)[CH]1C=CC=C1,0.5116149194538593,0.20355526052731918,10,0.08333333333333333
CN1C[C@H](C(=O)N[C@]2(C)O[C@@]3(O)[C@@H]4CCCN4C(=O)[C@H](Cc4ccccc4)N3C2=O)C[C@@H]2c3cccc4[nH]cc(c34)C[C@H]21,0.20790562145411967,0.141852401948155,10,0.20754716981132076
CCCCCCCCCCCCCCCCOCCCOP(=O)(O)CO[C@H](CO)Cn1ccc(N)nc1=O,0.357137755304575,0.17223588563224357,10,0.189873417721519
CCCCCCCCCCCCC/C=C/[C@@H](O)[C@H](CO)NC(C)=O,0.28022979497909545,0.10623542425579721,10,0.234375
CCCCCCCCCCC(C)(C)C(=O)Nc1c(OC)cc(OC)cc1OC,0.21846895664930344,0.10293162869862399,10,0.2641509433962264
CCNC1(C(N)=O)CCN(c2ncnc3c2nc(-c2ccccc2Cl)n3-c2ccc(Cl)cc2)CC1,0.27779018096625807,0.1523339300480511,10,0.22641509433962265
CC1=C[C@H](O)CC(C)(C)[C@H]1/C=C/C(C)=C/C=C/C(C)=C/C=C/C=C(C)/C=C/C=C(C)/C=C/C1=C(C)C[C@@H](O)CC1(C)C,0.3822057291865349,0.1872251404336886,10,0.14864864864864866
O=C(NCCCN1CCC2(CC1)OCc1ccccc12)[C@H]1CCCN1Cc1ccccc1,0.3005028948187828,0.13302202541792,10,0.2524271844660194
NCCCCCCCCCCNS(=O)(=O)c1cccc2c(Cl)cccc12,0.20054508671164512,0.09240363414317593,10,0.24489795918367346
Cc1cccc(CN2CCN([C@@H](c3ccccc3)c3ccc(Cl)cc3)CC2)c1,0.235052627325058,0.14833859843947844,10,0.29508196721311475
COc1ccc(Cl)cc1NC(=O)Nc1cc(C)nc2ccccc12,0.22977117896080018,0.08806075226867273,10,0.27586206896551724
CCNC(=O)CCC/C=C\C[C@@H]1[C@@H](/C=C/[C@@H](O)CCc2ccccc2)[C@H](O)C[C@@H]1O,0.21798539012670518,0.09192108006034648,10,0.27848101265822783
CCC(CC)(NC(=O)C(C)C)C(=O)N[C@@H](CCCNC(=N)N)C(=O)NC1(C(=O)NC(c2ccc(F)cc2)c2ccc(F)cc2)CCCC1,0.3239340614527464,0.21266751123608502,10,0.2111111111111111
CCN(CC)CCCN(c1ccccc1)C1Cc2ccccc2C1,0.262924549728632,0.09665095995500825,10,0.2777777777777778
C=C1/C(=C/C=C2\CCC[C@]3(C)[C@@H]([C@H](C)/C=C/[C@@H](C)C(C)C)CC[C@@H]23)C[C@@H](O)C[C@@H]1O,0.21007491201162337,0.12456879151558899,10,0.2261904761904762
O=c1cc(N2CCN(c3cccc(C(F)(F)F)c3)CC2)[nH]c(=O)n1C1CCCCC1,0.21753623373806477,0.19839010238310195,10,0.2631578947368421
CN1CCN(Cc2ccc(-c3cn([C@H]4CC[C@H](O)CC4)c4nc(NCCC5CC5)ncc34)cc2)CC1,0.31932362616062165,0.10350944584337272,10,0.2222222222222222
Cc1cccc(N2CCN(CCc3ccc4ccccc4n3)CC2)c1,0.20579382330179213,0.1319226319677435,10,0.22077922077922077
N=C(N)NCCC[C@@H](NC(=O)[C@@H]1CCCN1C(=O)[C@H]1CSSCCC(=O)N[C@@H](Cc2ccc(O)cc2)C(=O)N[C@@H](Cc2ccccc2)C(=O)N[C@@H](CCC(N)=O)C(=O)N[C@@H](CC(N)=O)C(=O)N1)C(=O)NCC(N)=O,0.2730408489704132,0.1963368315513897,10,0.2550335570469799
COc1cc2ncnc(Nc3ccc(F)c(Cl)c3)c2cc1NC(=O)/C=C/CN1CCCCC1,0.25772002413868905,0.09244611956856015,10,0.25
COC(=O)c1cnn(-c2ccc(F)cc2F)c1/C=N/NC(=S)NC(C)(C)C,0.24887277334928512,0.1260055578737958,10,0.2077922077922078
FC(F)(F)Oc1ccc(Nc2ccc3cccc(Cl)c3n2)cc1,0.3300703138113022,0.13194341912059132,10,0.20689655172413793
CC[N+](CC)(CC)CCOc1ccc(/C=C/c2ccccc2)cc1,0.3337809704244137,0.16825669001174332,10,0.2982456140350877
c1ccc(CN2CCC3(CCc4ccccc43)CC2)cc1,0.2221658334136009,0.12004920165862859,10,0.2903225806451613
Cc1c(C2CCN(CCc3ccccc3)CC2)noc1-c1ccc(Cl)cc1,0.23309167101979256,0.11834611903849065,10,0.2786885245901639
CN1CCc2cc(Br)c(O)cc2[C@H](c2ccccc2)C1,0.2792988236993551,0.1292261519268589,10,0.26666666666666666
CCCCCCN1CCC(C(=O)N(C)CC)(c2ccccc2)CC1,0.3068998955190182,0.14796369581282307,10,0.2878787878787879
C=C1/C(=C\C=C2/CCC[C@]3(C)[C@@H]([C@H](C)CCCC(C)C)CC[C@@H]23)C[C@@H](O)C[C@@H]1O,0.22199857458472252,0.12020470622993265,10,0.2716049382716049
CN1CC[C@H](c2c(O)cc(O)c3c(=O)cc(-c4ccccc4Cl)oc23)[C@H](O)C1,0.33545605540275575,0.13858321822685882,10,0.21839080459770116
C=CCNC1=C2C[C@@H](C)C[C@H](OC)[C@H](O)[C@@H](C)/C=C(\C)[C@H](OC(N)=O)[C@@H](OC)/C=C\C=C(/C)C(=O)NC(=CC1=O)C2=O,0.26130589097738266,0.14585162916338085,10,0.23357664233576642
COc1ccc(-n2[nH]c3c4c(ncc3c2=O)CCCCC4)cc1,0.20009424090385436,0.12725355283474263,10,0.25806451612903225
Cc1nn(-c2ccccc2)c(C)c1/C=N/N1CCN(Cc2ccccc2)CC1,0.28942324295639993,0.17568435378906577,10,0.27586206896551724
S=C(NC1CCCCC1)N1CCC([C@H]2C=NC=N2)CC1,0.3108699209988117,0.15626114482205358,10,0.15942028985507245
CO[C@@H]1[C@H](O[P@@](=O)(OC[C@H]2O[C@@H](n3cnc4c(N)ncnc43)C[C@@H]2O)SCOC(=O)OC(C)C)[C@@H](CO)O[C@H]1n1ccc(=O)[nH]c1=O,0.22186242863535882,0.12915569899490206,10,0.2777777777777778
Cc1cc(N)c2ccccc2[n+]1CCCCCCCCCC[n+]1c(C)cc(N)c2ccccc21,0.24801842942833902,0.13456441604512995,10,0.23076923076923078
COc1cc(N)c(Cl)cc1C(=O)N[C@@H]1CCN(CCCOc2ccc(F)cc2)C[C@@H]1OC,0.2418816938996315,0.11579510842927025,10,0.25
Oc1ccc(Nc2nc(-c3ccc(Cl)cc3)cs2)cc1,0.2849182814359665,0.12325208429462935,10,0.2765957446808511
C=C1/C(=C\C=C2/CCC[C@]3(C)[C@@H]([C@H](C)/C=C/C=C/C(O)(CC)CC)CC[C@@H]23)C[C@@H](O)C[C@@H]1O,0.29795209020376207,0.15817683905928687,10,0.2087912087912088
O[C@H]1CC[C@H](Nc2ncc3nc(Nc4c(F)cc(F)cc4F)n([C@H]4CCOC4)c3n2)CC1,0.20544315055012702,0.0887240373687685,10,0.18446601941747573
COC1(C[S@@](=O)c2ccccc2)CCN(CCc2c[nH]c3ccc(F)cc23)CC1,0.26467238962650297,0.15509526495332476,10,0.25
COc1cccc(CCc2ccccc2OCC[C@@H]2C[C@@H](O)CN2C)c1,0.23199687004089356,0.13061661269502547,10,0.2786885245901639
CC(=NNC(=N)N)c1cc(NC(=O)CCCCCCCCC(=O)Nc2cc(C(C)=NNC(=N)N)cc(C(C)=NNC(=N)N)c2)cc(C(C)=NNC(=N)N)c1,0.24002142380923033,0.17734369021756077,10,0.24193548387096775
CNC(=O)c1ccccc1Nc1cc(Nc2ccc(N3CCOCC3)cc2OC)ncc1C(F)(F)F,0.20130690410733224,0.09279630923905531,10,0.25773195876288657
CC(C)[C@@]1(NC(=O)[C@@H]2C[C@@H]3c4cccc5[nH]cc(c45)C[C@H]3N(C)C2)O[C@@]2(O)[C@@H]3CCCN3C(=O)[C@H](Cc3ccccc3)N2C1=O,0.22219868339598178,0.14574205397356602,10,0.1951219512195122
OC(c1ccc(-c2ccc(CN3CCN(Cc4ccncc4)CC3)cc2)c(F)c1)(C(F)(F)F)C(F)(F)F,0.27109650149941444,0.12930174942194297,10,0.2328767123287671
C[C@]12CC[C@H](O)CC1=CC[C@@H]1[C@@H]2CC[C@]2(C)C(n3cnc4ccccc43)=CC[C@@H]12,0.3722336657345295,0.1375108881760171,10,0.22580645161290322
CCn1cnc2c(Nc3cccc(Cl)c3)nc(N[C@@H]3CCCC[C@@H]3N)nc21,0.2673241138458252,0.08176080787362378,10,0.20689655172413793
CC[C@H]1CN2CCc3cc(OC)c(OC)cc3[C@@H]2C[C@@H]1C[C@H]1NCCc2cc(OC)c(OC)cc21,0.21136963739991188,0.07954298579706734,10,0.2619047619047619
C=C1/C(=C\C=C2/CCC[C@]3(C)[C@@H]([C@H](C)OCCC(C)(C)O)CC[C@@H]23)C[C@@H](O)C[C@@H]1O,0.21808906011283397,0.11937888256835127,10,0.21348314606741572
CCOc1cc(N)c(Cl)cc1C(=O)NC[C@H]1CN(Cc2ccc(F)cc2)CCO1,0.2695820063352585,0.09863329744676207,10,0.27586206896551724
CC(C)NC[C@@H](C(=O)N1CCN(c2ncnc3c2[C@H](C)C[C@H]3O)CC1)c1ccc(Cl)cc1,0.23533615916967393,0.10727366467261201,10,0.22330097087378642
Oc1ccc2c3c1O[C@H]1c4c(c5ccccc5n4Cc4ccccc4)C[C@@]4(O)[C@@H](C2)N(CC2CC2)CC[C@]314,0.30838697738945486,0.15652679857461058,10,0.21052631578947367
C[S@@](=O)CCCCN=C=S,0.3994211298588198,0.3755827664281859,10,0.22857142857142856
CC(C)COCC(CN(Cc1ccccc1)c1ccccc1)N1CCCC1,0.21987671107053758,0.1019930378034509,10,0.24242424242424243
CC(C)C[C@@H](C(=O)N[C@@H](Cc1ccc(OCc2ccccc2)cc1)C(=O)NC(C)(C)C)N(C)Cc1ccc(C(C)(C)C)cc1,0.2203542873263359,0.10451058358654311,10,0.2898550724637681
OC[C@H]1O[C@@H](c2ccc(Cl)c(Cc3ccc(O[C@H]4CCOC4)cc3)c2)[C@H](O)[C@@H](O)[C@@H]1O,0.2121293604373932,0.088587795749238,10,0.24175824175824176
CC1=CC(=C(c2ccc(N)cc2)c2ccc(N)cc2)C=CC1=N,0.2812445551156998,0.09391891348237937,10,0.20930232558139536
N=C(N)NCCCC[C@@H]1NC(=O)CCSSC[C@@H](C(N)=O)NC(=O)[C@@H]2CCCN2C(=O)[C@H](Cc2c[nH]c3ccccc23)NC(=O)[C@H](CC(=O)O)NC(=O)CNC1=O,0.2150536327622831,0.21819931769969605,10,0.20261437908496732
O=C(Nc1ccccc1Br)N[C@@H]1CCN(c2ccc(C(F)(F)F)cn2)C1,0.2396779701113701,0.14776072517986094,10,0.20930232558139536
C[C@H]1CN(Cc2ccc(CC(=O)N3CCC(Nc4cccc(F)c4)CC3)cc2)CCN1,0.23570233955979347,0.12061309985510657,10,0.28421052631578947
COc1ccc2c(c1)OC(C)(C)[C@@H](c1ccccc1)[C@@H]2c1ccc(OCCN2CCCC2)cc1,0.24270951449871064,0.10567529950085165,10,0.24752475247524752
COc1cc2c(cc1OCCCN1CCCC1)N=C(N)C21CCC1,0.22228866219520568,0.12662876482732524,10,0.22727272727272727
O=C(O)c1c[nH]c2cc(Cl)c(-c3ccc(C4(O)CCC4)cc3)cc12,0.2911860700696707,0.14969180215036676,10,0.2463768115942029
COc1cc2c(cc1F)C(c1ccccc1Cl)=NC1C(C)=NNC1=N2,0.37046792507171633,0.10679963527832965,10,0.19696969696969696
CC(=O)c1cnc2ccc(-c3cc(Cl)c(O)c(Cl)c3)nc2c1N[C@H]1CC[C@H](CN(C)C)CC1,0.24004179686307908,0.10617125592594172,10,0.19718309859154928
CC(C)(CO)Cc1cc(C(C)(C)C)c(O)c(C(C)(C)C)c1,0.22660414427518843,0.10476807935602779,10,0.2
COc1cc2c(cc1OC(C)C)[C@H](c1ccc(Cl)cc1)N(c1ccc(N(C)C[C@H]3CC[C@H](N4CCN(C)C(=O)C4)CC3)cc1)C(=O)C2,0.20687801092863084,0.09796360027913667,10,0.23478260869565218
O=C(O)c1cnn(-c2nc3cc(Cl)c(OC(F)(F)F)cc3[nH]2)c1,0.20388238355517388,0.1504330853274152,10,0.2
CCNC(=O)[C@@H]1CCCN1C(=O)[C@H](CCCNC(=N)N)NC(=O)[C@H](CC(C)C)NC(=O)[C@@H](CC(C)C)NC(=O)[C@H](Cc1ccc(O)cc1)NC(=O)[C@H](CO)NC(=O)[C@H](Cc1c[nH]c2ccccc12)NC(=O)[C@H](Cc1cnc[nH]1)NC(=O)[C@@H]1CCC(=O)N1,0.2878830819390714,0.21645222061249308,10,0.19083969465648856
Nc1ncnc2c1c(-c1cccc(OCc3ccccc3)c1)cn2[C@H]1C[C@H](CN2CCCC2)C1,0.288248111307621,0.14444042646104246,10,0.27692307692307694
COc1cccc(N(C)C(=S)Oc2ccc3c(c2)CCCC3)n1,0.2119969990104437,0.1233450736268872,10,0.21428571428571427
CN(C)CCNC(=O)NC[C@H]1CC[C@@H]2[C@H](O1)c1cc(C(F)(F)F)ccc1N[C@H]2c1ccccc1,0.29653279557824136,0.12683251609222823,10,0.27184466019417475
O=C(O)c1ccc2c(c1)nc(Nc1cccc(Cl)c1)c1ccncc12,0.23233619779348375,0.14824888618643886,10,0.23376623376623376
COc1cc2c(NC3CCN(C(C)C)CC3)nc(C3CCCCC3)nc2cc1OCCCN1CCCC1,0.22179352194070817,0.13206343863362088,10,0.2840909090909091
O=C(O)C[C@H](O)C[C@H](O)/C=C/c1c(C2CC2)nc2ccccc2c1-c1ccc(F)cc1,0.2523528091609478,0.10550125735554282,10,0.24742268041237114
O[C@@H](C[C@H]1c2ccccc2-c2cncn21)C1CCCCC1,0.22372064962983132,0.08232856742546955,10,0.21739130434782608
CN(C)CCO[C@@](C)(c1ccccc1)c1ccc(Cl)cc1,0.22072127759456633,0.11872166158122258,10,0.2909090909090909
Cc1ccccc1C(c1ccccc1C)N1[C@@H]2CC[C@H]1C[C@](O)(c1ccccc1)C2,0.27776637524366377,0.15336429174764066,10,0.2073170731707317
CC[N+](CC)(CC)CC[C@](O)(c1ccccc1)C1CCCCC1,0.262293853610754,0.12920352890282052,10,0.27419354838709675
CN(NC(=O)CC(=O)NN(C)C(=S)c1ccccc1)C(=S)c1ccccc1,0.23739339783787727,0.1437249995980756,10,0.2619047619047619
CCCCNc1ncc2c(-c3ccc(CN4CCN(C)CC4)cc3)cn([C@H]3CC[C@H](O)CC3)c2n1,0.2330319881439209,0.1055248333545551,10,0.2127659574468085
C[N+](C)(C)CC[N+]1(C)Cc2c(Cl)c(Cl)c(Cl)c(Cl)c2C1,0.23975737858563662,0.15503685401730025,10,0.20588235294117646
CC(C)C[C@H](NC(=O)[C@H](CCCCN)NC(=O)CNC(=O)[C@H](CC(C)C)NC(=O)[C@@H](NC(=O)[C@@H]1CSSC[C@H](N)C(=O)N[C@@H](CO)C(=O)N[C@@H](CC(N)=O)C(=O)N[C@@H](CC(C)C)C(=O)N[C@@H](CO)C(=O)N[C@@H]([C@@H](C)O)C(=O)N1)C(C)C)C(=O)N[C@@H](CO)C(=O)N[C@@H](CCC(N)=O)C(=O)N[C@@H](CCC(=O)O)C(=O)N[C@@H](CC(C)C)C(=O)N[C@@H](Cc1c[nH]cn1)C(=O)N[C@@H](CCCCN)C(=O)N[C@@H](CC(C)C)C(=O)N[C@@H](CCC(N)=O)C(=O)N[C@H](C(=O)N[C@@H](Cc1ccc(O)cc1)C(=O)N1CCC[C@H]1C(=O)N[C@@H](CCCNC(=N)N)C(=O)N[C@H](C(=O)N[C@@H](CC(=O)O)C(=O)N[C@H](C(=O)NCC(=O)N[C@@H](C)C(=O)NCC(=O)N[C@H](C(=O)N1CCC[C@H]1C(N)=O)[C@@H](C)O)C(C)C)[C@@H](C)O)[C@@H](C)O,0.34556521223858,0.2599855126627295,10,0.27918781725888325
O=C(O)C1CCC(c2cc3cccnc3c(-c3cccc(F)c3)n2)CC1,0.20999761074781417,0.06936205915414462,10,0.29508196721311475
N=C(N)c1ccc(/C=C/c2ccc(C(=N)N)cc2O)cc1,0.24517397060990334,0.11246887610301398,10,0.2857142857142857
C[C@]1(O)C[C@@H](c2nc(-c3ccc4ccc(-c5ccccc5)nc4c3)c3c(N)nccn32)C1,0.31034168750047686,0.11230729649894215,10,0.1780821917808219
CCNC(=O)[C@@H]1CCCN1C(=O)[C@H](CCCNC(=N)N)NC(=O)[C@H](CC(C)C)NC(=O)[C@@H](C)NC(=O)[C@H](Cc1ccc(O)cc1)NC(=O)[C@H](CO)NC(=O)[C@H](Cc1c[nH]c2ccccc12)NC(=O)[C@H](Cc1cnc[nH]1)NC(=O)[C@@H]1CCC(=O)N1,0.2830763884820044,0.20625338007178595,10,0.18518518518518517
Brc1cc2c(cc1[C@H]1Nc3ccccc3[C@H]3C=CC[C@H]31)OCO2,0.25146483033895495,0.11263169390060078,10,0.19117647058823528
Nc1ncnc2c1c(-c1cccc(OCc3ccccc3)c1)cn2[C@H]1C[C@@H](CN2CCC2)C1,0.2853713847696781,0.14149241042291544,10,0.27692307692307694
CN1N=C2CCN(C(=O)[C@@H](COCc3ccccc3)NC(=O)C(C)(C)N)C[C@@]2(Cc2ccccc2)C1=O,0.2650618523359299,0.13717261706193654,10,0.2222222222222222
COc1ccc2nc3cc(Cl)ccc3c(Nc3cc(CN4CCCC4)c(O)c(CN4CCCC4)c3)c2n1,0.21509586423635482,0.12705744685438647,10,0.2702702702702703
COc1ccc(C(=O)Nc2c(Cl)cncc2Cl)cc1OC1CCCC1,0.28906348496675494,0.09206770551629363,10,0.23300970873786409
CN1CCCN([C@@H](c2ccccc2)c2ccc(Cl)cc2)CC1,0.23692059218883516,0.13172282140427397,10,0.25757575757575757
Cc1nnc(C(C)C)n1[C@@H]1C[C@H]2CC[C@@H](C1)N2CC[C@H](NC(=O)C1CCC(F)(F)CC1)c1ccccc1,0.2697463795542717,0.1250974366851342,10,0.23300970873786409
Cn1cc(-c2[nH]c3cc(NC(=O)[C@H](N)C4CCCCC4)cc4c3c2C=NNC4=O)cn1,0.37751332148909567,0.16707861599843227,10,0.18072289156626506
CCNC(=O)[C@@H]1CCCN1C(=O)[C@H](CCCN=C(N)N)NC(=O)[C@H](CC(C)C)NC(=O)[C@@H](COC(C)(C)C)NC(=O)[C@H](Cc1ccc(O)cc1)NC(=O)[C@H](CO)NC(=O)[C@H](Cc1c[nH]c2ccccc12)NC(=O)[C@H](Cc1c[nH]cn1)NC(=O)[C@@H]1CCC(=O)N1,0.22439798079431056,0.15054587163607178,10,0.1797752808988764
CCCCCCCCCCCCCCCCCC[S+](CCC)c1ccccc1C(=O)OCC,0.21127960681915284,0.12343151014394747,10,0.2549019607843137
CCCN(CC1CC1)c1nc(C)nc(Nc2c(Cl)cc(Cl)cc2Cl)c1Cl,0.2180577866733074,0.11236801833862031,10,0.18461538461538463
COc1cc2c(N(C)C3CCN(C(C)C)CC3)nc(C3CCCCC3)nc2cc1OCCCN1CCCC1,0.2020888153463602,0.13269720859625878,10,0.1956521739130435
COc1ncc(-c2ccc3c(Nc4cc(Oc5cc(F)cc(F)c5)cc(C(=O)O)c4)c(S(=O)(=O)NC4CC4)cnc3c2)c(OC)n1,0.2806178621947765,0.16948862151591543,10,0.2033898305084746
C=CC(=O)N1CCN(C(=O)CNc2cc(I)c(Cl)cc2O)CC1,0.3093014657497406,0.08817281908025972,10,0.21666666666666667
CCN1C[C@@H](CCN2CCOCC2)C(c2ccccc2)(c2ccccc2)C1=O,0.22572114542126656,0.08067013477101835,10,0.2608695652173913
COc1cc(-n2c(=S)[nH]c3ccccc3c2=O)c(Cl)cc1Cl,0.20705297105014325,0.11352472623074213,10,0.24528301886792453
Nc1ncccc1-c1nc2ccc(-c3ccccc3)nc2n1-c1ccc(C2(N)CCC2)cc1,0.3202690154314041,0.0971083265277844,10,0.19117647058823528
c1ccc(C(O[C@@H]2CCCN(CCc3ccc4c(c3)OCO4)C2)c2ccccc2)cc1,0.22280041873455048,0.10389495351760367,10,0.27941176470588236
CCOC(=O)[C@H](Cc1ccccc1)NC(=O)c1cc(Cl)c(OCCN2CCN(C)CC2)c(Cl)c1O,0.2363631933927536,0.1240380706278749,10,0.24719101123595505
CN1CCN([C@@H](c2ccccc2)c2ccc(Cl)cc2)CC1,0.22083935476839542,0.13438017587109038,10,0.27419354838709675
C/C(=N\NC(=O)[C@@H]1C(=O)NC[C@H]1c1ccccc1)c1cccc(Br)c1,0.3033349052071571,0.1122940111894952,10,0.22727272727272727
Clc1ccc([C@@H](c2ccccc2Cl)C(Cl)Cl)cc1,0.21598609797656537,0.13014216498390474,10,0.23529411764705882
NC(=O)[C@@H]1C(=O)C[C@@H]2C[C@@H]3Cc4cccc(O)c4C(=O)[C@@H]3C(=O)[C@]2(O)C1=O,0.2303690157830715,0.12249077650374136,10,0.26506024096385544
C=CCN1CC[C@]23c4c5ccc(O)c4O[C@H]2/C(=N/NC(=O)c2ccccc2)CC[C@@]3(O)[C@H]1C5,0.31106076836586,0.12802242389478286,10,0.21348314606741572
CC1(C)OC[C@H](NC(=O)Nc2ccc(Br)cc2Br)[C@H](c2ccccc2)O1,0.26272801458835604,0.09342548174632861,10,0.22580645161290322
C/C(=N\NC(=O)c1cccc(S(=O)(=O)N2CCN(C)CC2)c1)c1cc(Cl)ccc1O,0.4278761178255081,0.13522566173456335,10,0.2682926829268293
CC(C)(C=O)Cc1cc(C(C)(C)C)c(O)c(C(C)(C)C)c1,0.20575574077665806,0.13204284975864639,10,0.1956521739130435
C[C@H]1C[C@@H](n2c(Nc3ccc(OC(F)(F)F)cc3)nc3cc(CCC(=O)O)ccc32)CC(C)(C)C1,0.229677052795887,0.08678434691824459,10,0.22857142857142856
Nc1ncnc2c1c(-c1ccc(Oc3ccccc3)cc1)nn2C1CCCC1,0.25154614001512526,0.07887802464312713,10,0.22535211267605634
CC(C)(C)NC[C@H](O)c1ccc(O)cc1Cl,0.22495918720960617,0.10388422375835205,10,0.2641509433962264
CCCCOCCOc1nc(-c2ccc(C(=O)O)c(F)c2)sc1C,0.20356395915150644,0.07969617302324801,10,0.22784810126582278
CC(C)C(=O)Oc1ccc(CO)cc1[C@H](CCN(C(C)C)C(C)C)c1ccccc1,0.2247091043740511,0.09118379081593868,10,0.25
NS(=O)(=O)OC[C@@H]1C[C@@H](n2ccc3c(N[C@H]4CCc5ccccc54)ncnc32)C[C@@H]1O,0.2575140319764614,0.12702664684607554,10,0.1891891891891892
COc1cc(/C=C2\CCCN([C@@H](C)c3ccc(F)cc3)C2=O)ccc1-n1cnc(C)c1,0.2766825303435326,0.13090354595020146,10,0.23232323232323232
CCC[C@H](N[C@H]1CCc2cc(F)cc(F)c2C1)C(=O)Nc1cn(C(C)(C)CNCC(C)(C)C)cn1,0.20644394308328629,0.06681544567472628,10,0.23863636363636365
CCN(C(=O)c1c(O)c2c(Cl)cccc2n(C)c1=O)c1ccccc1,0.22802145034074783,0.09808092261943265,10,0.21666666666666667
Nc1ncnc2nc(-c3ccc(N4CCOCC4)nc3)cc(-c3cccc(Br)c3)c12,0.2031962141394615,0.12274658364485995,10,0.19791666666666666
COc1nccc(-c2c(-c3ccc(F)cc3)ncn2[C@H]2CC[C@H](O)CC2)n1,0.25386962443590166,0.07720199420259724,10,0.22580645161290322
O[C@@](Cc1ncc(CC2(C(F)(F)F)CC2)[nH]1)(c1ccc(-n2cccn2)cc1)C(F)(F)F,0.20395753793418409,0.08731774885841596,10,0.171875
CN(C)c1ccc2c(c1)Sc1cc(N(C)C)ccc1N2,0.2089436963200569,0.0988159473787991,10,0.21153846153846154
CCOC(=O)N1CCN(C(=O)[C@H](Cc2cccc(C(=N)N)c2)NS(=O)(=O)c2c(C(C)C)cc(C(C)C)cc2C(C)C)CC1,0.24876153767108916,0.1447901075977372,10,0.20588235294117646
COc1cc(OCc2cccc(-c3ccccc3)c2C)cc(OC)c1CN1CCCC[C@H]1C(=O)O,0.20149005502462386,0.09985181775984336,10,0.27710843373493976
O[C@]12CC[C@](c3nnc4c(Oc5ccccc5Cl)cccn43)(CC1)C2,0.2419597677886486,0.12167590624293602,10,0.21428571428571427
CC(C)(C)NC[C@@H](O)c1ccc(O)cc1Cl,0.2246423728764057,0.10322536978253205,10,0.2641509433962264
O[C@](CCN1CCCCC1)(c1ccccc1)[C@@H]1C[C@H]2C=C[C@@H]1C2,0.2162288734689355,0.12254868304653575,10,0.2923076923076923
CCN(CC)Cc1ccc(C(=O)N(CCc2ccccc2OC)[C@@H]2CCNC2)cc1,0.21913954019546508,0.07843018765615782,10,0.2857142857142857
CC(C)(C)NC[C@@H](O)c1cc(Cl)c(N)c(C(F)(F)F)c1,0.2296951860189438,0.1356693261425048,10,0.2413793103448276
COc1cccc2c1[O][Mn]13([Cl])[O]c4c(cccc4OC)C=[N+]1CC[N+]3=C2,0.30432067066431046,0.17836367128590905,10,0.22448979591836735
CC(=O)N[C@@H](CCCNC(=N)N)C(=O)N[C@H]1CSSC[C@@H](C(N)=O)NC(=O)[C@H](Cc2c[nH]c3ccccc23)NC(=O)[C@H](CCCNC(=N)N)NC(=O)[C@@H](Cc2ccccc2)NC(=O)[C@H](Cc2cnc[nH]2)NC(=O)[C@@H](C)NC1=O,0.2223789192736149,0.21252506514747552,10,0.2925170068027211
Cc1c(C(=O)Nc2ccc(N3C[C@@H](C)O[C@@H](C)C3)nc2)cccc1-c1ccc(OC(F)(F)F)cc1,0.20954851880669595,0.07732023877901943,10,0.21428571428571427
CC(C)c1cc(C(C)C)c(CC(=O)NS(=O)(=O)Oc2c(C(C)C)cccc2C(C)C)c(C(C)C)c1,0.26286636069417,0.11114739470090165,10,0.2537313432835821
Cc1cccc(/C=N/Nc2cc(N3CCOCC3)nc(OCCc3ccccn3)n2)c1,0.2028357781469822,0.1337238890329972,10,0.25
CN(C(=O)Cc1ccc(Cl)c(Cl)c1)[C@H]1CCCC[C@@H]1N1CCCC1,0.2016357660293579,0.07440429086116673,10,0.2823529411764706
CC(C)C[C@H](NC(=O)CNC(=O)[C@H](Cc1ccc(O)cc1)NC(=O)[C@H](CO)NC(=O)[C@H](Cc1c[nH]c2ccccc12)NC(=O)[C@H](Cc1cnc[nH]1)NC(=O)[C@@H]1CCC(=O)N1)C(=O)N[C@@H](CCCNC(=N)N)C(=O)N1CCC[C@H]1C(=O)NCC(N)=O,0.22975395759567618,0.19719476440172157,10,0.18285714285714286
COc1ccc(CCc2nc3cc(-c4c(C)noc4C)ccc3n2C[C@H](C)N2CCOCC2)cc1Cl,0.2212145559489727,0.10818632220731368,10,0.2261904761904762
C#CC1(OC[C@H](O)CN2CCN(c3cccc(C(F)(F)F)c3)CC2)CCCCC1,0.28316160961985587,0.19568838153266654,10,0.2375
CC(C)(C)CCN1C[C@@H]2[C@@H](CNC(=O)c3cc(Cl)cc(Cl)c3)[C@@H]2C1,0.20482033491134644,0.10084308311726133,10,0.20430107526881722
Cc1nc(N2CCN(C)CC2)c2nc(-c3ccccc3Cl)n(C3CCOCC3)c2n1,0.2098108627833426,0.1397703975956811,10,0.20408163265306123
CC1=C(/C=C/C(C)=C/C=C/C(C)=C/C=O)C(C)(C)CCC1,0.20307664945721626,0.09113738064914231,10,0.14666666666666667
CN1CC[C@@H](c2c(O)cc(O)c3c(=O)cc(-c4ccccc4Cl)oc23)[C@@H]1CO,0.2520267106592655,0.116903337857805,10,0.21875
CC(=NNc1nnc2c(n1)[nH]c1c(C)cccc12)c1ccccn1,0.20445991922169923,0.12761773391492584,10,0.25
C/C(=N/Nc1nnc2c(n1)[nH]c1c(C)cccc12)c1ccccn1,0.20423010401427746,0.12719191882178524,10,0.25
N#Cc1ccc(N2N=C3c4ccc(C(=O)O)cc4CCC3[C@@H]2C2CCCC2)cc1Cl,0.2112579183652997,0.19364762861215573,10,0.1927710843373494
N=C(Nc1ccc(I)cc1)NC1C2CC3CC(C2)CC1C3,0.217606845498085,0.17238287595318713,10,0.26
CC[C@H](C)[C@H](NC(=O)[C@H](Cc1ccc(O)cc1)NC(=O)[C@@H](NC(=O)[C@H](CCCNC(=N)N)NC(=O)[C@@H](N)CC(=O)O)C(C)C)C(=O)N[C@@H](Cc1cnc[nH]1)C(=O)N1CCC[C@H]1C(=O)O,0.21587320417165756,0.1867671904378928,10,0.21052631578947367
[Cl][Mn]123([Cl])[N]4CC[N]1[C@@H]1CCCC[C@H]1[N]2Cc1cccc(n1)C[N]3[C@@H]1CCCC[C@H]14,0.25869384277611973,0.20243707528105917,10,0.2
[Cl][Ru+3]([Cl])([Cl])([Cl])([n+]1cc2ccccc2[nH]1)[n+]1cc2ccccc2[nH]1,0.3463461714331061,0.22724932647751755,10,0.21428571428571427
N#[N+]CC(=O)OC[C@H](N)C(=O)O,0.9,0.3,10,0.1935483870967742
N#[N+]CC(=O)CC[C@H](N)C(=O)O,0.9,0.3,10,0.2413793103448276
